subjectID,sampleID,study.x,apoe_genotype,cogdx,cts_mmse30_lv,age_death,educ,msex,race7,spanish,BUID,study.y,brain_region,SEX,Age_Death,OBESE,BMI,PMI,BRAAK,RIN,mRNA_batch,miRNA_batch,DateSampleExtracted,DateSampleSequenced,Note,X
10260309,N-10260309,ROS ,34,1,29,88.39972621,18,male,2,2,1,ROS,NucAcc,1,88.39972621,1,37.86041736,8.583333333,3,7.9,1,3,06/10/2015,2016,NA,
11395417,N-11395417,ROS ,33,1,30,87.68514716,20,male,1,2,2,ROS,NucAcc,1,87.68514716,0,19.57781783,NA,NA,7.8,8,12,06/10/2015,2017,NA,
20102505,N-20102505,ROS ,34,1,30,89.79329227,16,female,1,2,3,ROS,NucAcc,2,89.79329227,0,20.48512032,5.083333333,4,6.4,1,2,06/10/2015,2016,NA,
20225925,N-20225925,ROS ,24,4,15,87.86036961,18,female,1,2,4,ROS,NucAcc,2,87.86036961,0,23.41156608,NA,NA,5.9,5,21,06/10/2015,2017,NA,
20311676,N-20311676,ROS ,34,2,30,90.16016427,18,female,1,2,5,ROS,NucAcc,2,90.16016427,1,34.37273125,4.583333333,5,7.6,1,2,06/10/2015,2016,NA,
20431359,N-20431359,ROS ,34,2,28,79.44147844,20,female,1,2,6,ROS,NucAcc,2,79.44147844,0,22.1428561,4.5,1,4,1,1,06/10/2015,2016,NA,
20946257,N-20946257,ROS ,34,1,30,89.40999316,19,female,1,2,7,ROS,NucAcc,2,89.40999316,0,21.58253748,27,3,3.9,1,1,06/10/2015,2016,NA,
21236608,N-21236608,ROS ,34,5,8.75,79.01437372,20,female,1,2,8,ROS,NucAcc,2,79.01437372,0,18.80423221,11,4,4.9,3,6,06/10/2015,2016,NA,
21402304,N-21402304,ROS ,33,5,24,94.93497604,19,female,1,2,9,ROS,NucAcc,2,94.93497604,1,32.60412029,3.333333333,2,8.1,2,5,06/10/2015,2016,NA,
50105437,N-50105437,MAP ,33,1,30,80.05749487,15,female,1,2,10,MAP,NucAcc,2,80.05749487,0,22.67424037,7.833333333,3,8.3,4,11,06/10/2015,2016,NA,
50301125,N-50301125,MAP ,33,1,30,92.07118412,13,female,1,2,11,MAP,NucAcc,2,92.07118412,0,21.96600577,4.75,4,7.6,3,6,06/10/2015,2016,NA,
50404299,N-50404299,MAP ,24,4,19,90.92128679,16,female,1,2,12,MAP,NucAcc,2,90.92128679,0,22.26415547,3.5,3,8.1,2,5,06/10/2015,2016,NA,
72650337,N-72650337,MAP ,33,2,21.11111111,97.28952772,14,female,1,2,13,MAP,NucAcc,2,97.28952772,0,22.49705178,6,4,6.6,4,11,6/16/2015,2016,NA,
50107583,N-50107583,MAP ,33,2,18.88888889,91.09650924,18,male,1,2,14,MAP,NucAcc,1,91.09650924,0,20.22263257,4.866666667,3,7,4,10,6/16/2015,2016,NA,
20942767,N-20942767,ROS ,33,1,30,77.22655715,16,female,1,2,15,ROS,NucAcc,2,77.22655715,1,39.3241149,16.25,4,6.2,3,7,6/16/2015,2016,NA,
10478041,N-10478041,ROS ,33,1,29,76.6954141,13,male,1,2,16,ROS,NucAcc,1,76.6954141,1,37.95236266,13.75,3,7.3,1,1,6/16/2015,2016,NA,
50301125,H-50301125,MAP ,33,1,30,92.07118412,13,female,1,2,17,MAP,Hypothalamus,2,92.07118412,0,21.96600577,4.75,4,2.5,2,3,6/16/2015,2016,NA,
50103129,H-50103129,MAP ,34,2,28,89.66735113,11,female,1,2,18,MAP,Hypothalamus,2,89.66735113,0,20.30191443,2.916666667,5,8,2,4,6/16/2015,2016,NA,
10253148,H-10253148,ROS ,33,1,28,89.86173854,21,male,1,2,19,ROS,Hypothalamus,1,89.86173854,0,22.08377851,NA,NA,7.2,6,27,6/16/2015,2017,NA,
20946257,H-20946257,ROS ,34,1,30,89.40999316,19,female,1,2,20,ROS,Hypothalamus,2,89.40999316,0,21.58253748,27,3,3.5,1,1,6/16/2015,2016,NA,
50404299,H-50404299,MAP ,24,4,19,90.92128679,16,female,1,2,21,MAP,Hypothalamus,2,90.92128679,0,22.26415547,3.5,3,6.9,2,5,6/16/2015,2016,NA,
21402304,H-21402304,ROS ,33,5,24,94.93497604,19,female,1,2,22,ROS,Hypothalamus,2,94.93497604,1,32.60412029,3.333333333,2,7.1,1,3,6/16/2015,2016,NA,
20665307,H-20665307,ROS ,33,1,30,95.19507187,17,female,1,2,23,ROS,Hypothalamus,2,95.19507187,0,22.48491069,5.333333333,3,2.3,3,7,6/16/2015,2016,NA,
10260309,H-10260309,ROS ,34,1,29,88.39972621,18,male,2,2,24,ROS,Hypothalamus,1,88.39972621,1,37.86041736,8.583333333,3,2.5,2,5,6/16/2015,2016,NA,
72188804,H-72188804,MAP ,33,4,24.82758621,94.56262834,18,female,1,2,25,MAP,Hypothalamus,2,94.56262834,0,18.89488293,4.866666667,4,4.8,3,7,6/23/2015,2016,NA,
11395417,H-11395417,ROS ,33,1,30,87.68514716,20,male,1,2,26,ROS,Hypothalamus,1,87.68514716,0,19.57781783,3.166666667,1,8.2,2,5,6/23/2015,2016,NA,
11302830,H-11302830,ROS ,34,4,27,85.82888433,23,male,1,2,27,ROS,Hypothalamus,1,85.82888433,1,37.60846443,1.5,3,7.4,2,6,6/23/2015,2016,NA,
20656964,H-20656964,ROS ,33,1,29,71.3100616,18,female,1,2,28,ROS,Hypothalamus,2,71.3100616,1,45.725715,7.8,2,3.2,4,11,6/23/2015,2016,NA,
50107583,H-50107583,MAP ,33,2,18.88888889,91.09650924,18,male,1,2,29,MAP,Hypothalamus,1,91.09650924,0,20.22263257,4.866666667,3,6.6,4,10,6/23/2015,2016,NA,
20102505,H-20102505,ROS ,34,1,30,89.79329227,16,female,1,2,30,ROS,Hypothalamus,2,89.79329227,0,20.48512032,5.083333333,4,6.2,4,10,6/23/2015,2016,NA,
50102088,H-50102088,MAP ,33,4,0,92.31211499,17,female,1,2,31,MAP,Hypothalamus,2,92.31211499,0,22.45945508,4.466666667,5,7.8,2,4,6/23/2015,2016,NA,
50106992,H-50106992,MAP ,34,4,20,86.81177276,12,female,1,2,32,MAP,Hypothalamus,2,86.81177276,0,20.11585977,12.88333333,5,5.8,2,4,6/23/2015,2016,NA,
50105437,H-50105437,MAP ,33,1,30,80.05749487,15,female,1,2,33,MAP,Hypothalamus,2,80.05749487,0,22.67424037,7.833333333,3,3.9,3,7,6/23/2015,2016,NA,
20311676,H-20311676,ROS ,34,2,30,90.16016427,18,female,1,2,34,ROS,Hypothalamus,2,90.16016427,1,34.37273125,4.583333333,5,2.5,4,11,6/23/2015,2016,NA,
10291856,H-10291856,ROS ,33,1,30,78.67488022,12,male,1,2,35,ROS,Hypothalamus,1,78.67488022,1,32.0981827,7,1,7,3,7,6/23/2015,2016,NA,
72650337,H-72650337,MAP ,33,2,21.11111111,97.28952772,14,female,1,2,36,MAP,Hypothalamus,2,97.28952772,0,22.49705178,6,4,2.4,2,6,6/23/2015,2016,NA,
20431359,H-20431359,ROS ,34,2,28,79.44147844,20,female,1,2,37,ROS,Hypothalamus,2,79.44147844,0,22.1428561,4.5,1,5.2,1,3,7/14/2015,2016,NA,
20171508,H-20171508,ROS ,34,4,6,89.15811088,10,female,1,2,38,ROS,Hypothalamus,2,89.15811088,0,19.30345962,9,4,2.4,4,9,7/14/2015,2016,NA,
21236608,H-21236608,ROS ,34,5,8.75,79.01437372,20,female,1,2,39,ROS,Hypothalamus,2,79.01437372,0,18.80423221,11,4,4.9,4,11,7/14/2015,2016,NA,
20942767,H-20942767,ROS ,33,1,30,77.22655715,16,female,1,2,40,ROS,Hypothalamus,2,77.22655715,1,39.3241149,16.25,4,2.4,3,8,7/14/2015,2016,NA,
20139850,H-20139850,ROS ,33,2,27,86.31895962,24,female,1,2,41,ROS,Hypothalamus,2,86.31895962,0,20.13550529,3.833333333,4,7.5,4,9,7/14/2015,2016,NA,
20149910,H-20149910,ROS ,23,1,27,92.78850103,18,female,1,2,42,ROS,Hypothalamus,2,92.78850103,0,21.38288616,3.25,4,6.8,2,5,7/14/2015,2016,NA,
20225925,H-20225925,ROS ,24,4,15,87.86036961,18,female,1,2,43,ROS,Hypothalamus,2,87.86036961,0,23.41156608,3.55,5,2.9,2,4,7/14/2015,2016,NA,
20358955,H-20358955,ROS ,33,4,21,90.43394935,16,female,1,2,44,ROS,Hypothalamus,2,90.43394935,0,24.03514871,5.666666667,4,4.4,1,1,7/14/2015,2016,NA,
50302978,H-50302978,MAP ,22,2,23,94.31895962,13,female,1,2,45,MAP,Hypothalamus,2,94.31895962,1,32.8770963,3.5,4,6.3,3,8,7/14/2015,2016,NA,
20171508,N-20171508,ROS ,34,4,6,89.15811088,10,female,1,2,46,ROS,NucAcc,2,89.15811088,0,19.30345962,9,4,7.5,1,2,7/14/2015,2016,This sample is duplicate of 540 (duplicate sequencing from same dissection and RNA extraction) and 100 (duplicate dissection of same individual and brain region).,
10478041,H-10478041,ROS ,33,1,29,76.6954141,13,male,1,2,47,ROS,Hypothalamus,1,76.6954141,1,37.95236266,13.75,3,3,4,10,7/14/2015,2016,NA,
10253148,N-10253148,ROS ,33,1,28,89.86173854,21,male,1,2,96,ROS,NucAcc,1,89.86173854,0,22.08377851,21.06666667,5,7,2,4,5/27/2015,2016,NA,
10291856,N-10291856,ROS ,33,1,30,78.67488022,12,male,1,2,97,ROS,NucAcc,1,78.67488022,1,32.0981827,7,1,8.3,3,6,5/27/2015,2016,NA,
11302830,N-11302830,ROS ,34,4,27,85.82888433,23,male,1,2,98,ROS,NucAcc,1,85.82888433,1,37.60846443,1.5,3,8.8,1,3,5/27/2015,2016,NA,
20149910,N-20149910,ROS ,23,1,27,92.78850103,18,female,1,2,99,ROS,NucAcc,2,92.78850103,0,21.38288616,3.25,4,8,3,8,5/27/2015,2016,NA,
20656964,N-20656964,ROS ,33,1,29,71.3100616,18,female,1,2,101,ROS,NucAcc,2,71.3100616,1,45.725715,7.8,2,7.6,3,8,5/27/2015,2016,NA,
20665307,N-20665307,ROS ,33,1,30,95.19507187,17,female,1,2,102,ROS,NucAcc,2,95.19507187,0,22.48491069,5.333333333,3,8.2,2,4,5/27/2015,2016,NA,
50102088,N-50102088,MAP ,33,4,0,92.31211499,17,female,1,2,103,MAP,NucAcc,2,92.31211499,0,22.45945508,NA,NA,7.2,7,23,5/27/2015,2017,NA,
50103129,N-50103129,MAP ,34,2,28,89.66735113,11,female,1,2,104,MAP,NucAcc,2,89.66735113,0,20.30191443,2.916666667,5,7.2,1,1,5/27/2015,2016,NA,
50106992,N-50106992,MAP ,34,4,20,86.81177276,12,female,1,2,105,MAP,NucAcc,2,86.81177276,0,20.11585977,12.88333333,5,5,2,6,5/27/2015,2016,NA,
50302978,N-50302978,MAP ,22,2,23,94.31895962,13,female,1,2,106,MAP,NucAcc,2,94.31895962,1,32.8770963,3.5,4,7,2,6,5/27/2015,2016,NA,
72188804,N-72188804,MAP ,33,4,24.82758621,94.56262834,18,female,1,2,107,MAP,NucAcc,2,94.56262834,0,18.89488293,4.866666667,4,7.6,4,9,5/27/2015,2016,NA,
21140119,H-21140119,ROS ,33,1,29,85.48391513,20,female,1,2,117,ROS,Hypothalamus,2,85.48391513,1,32.9225148,3.416666667,4,5.1,2,4,11/17/2015,2016,NA,
11200645,H-11200645,ROS ,33,1,29,83.72895277,16,male,1,2,118,ROS,Hypothalamus,1,83.72895277,0,19.30853281,4.25,4,6.8,3,8,11/17/2015,2016,NA,
20186901,H-20186901,ROS ,33,4,19,95.2936345,20,female,1,2,119,ROS,Hypothalamus,2,95.2936345,0,22.67995464,4.833333333,2,5.6,1,2,11/17/2015,2016,NA,
21126823,H-21126823,ROS ,33,2,27,92.67351129,18,female,1,2,120,ROS,Hypothalamus,2,92.67351129,1,33.53952708,6.283333333,1,3.1,1,3,11/17/2015,2016,NA,
65652206,H-65652206,MAP ,33,1,28,78.23408624,16,male,1,2,121,MAP,Hypothalamus,1,78.23408624,1,32.23457221,4.516666667,1,6.8,2,5,11/17/2015,2016,NA,
20242958,H-20242958,ROS ,33,4,18,87.84668036,20,female,1,2,122,ROS,Hypothalamus,2,87.84668036,1,35.25135807,4.216666667,5,7.5,2,5,11/17/2015,2016,NA,
50100932,H-50100932,MAP ,34,4,17,91.11841205,12,female,1,2,123,MAP,Hypothalamus,2,91.11841205,0,23.63125274,11.98333333,5,6.4,4,9,11/17/2015,2016,NA,
20214850,H-20214850,ROS ,34,4,15,84.80766598,21,female,1,2,124,ROS,Hypothalamus,2,84.80766598,0,20.69107633,4.416666667,5,6,4,11,11/17/2015,2016,NA,
37178462,H-37178462,MAP ,33,1,28,82.69130732,16,male,1,2,125,MAP,Hypothalamus,1,82.69130732,1,35.26242948,7.266666667,2,5.4,1,2,11/17/2015,2016,NA,
70816595,H-70816595,MAP ,33,1,27,90.53798768,13,male,1,2,126,MAP,Hypothalamus,1,90.53798768,1,34.55584771,4.583333333,2,4.5,3,8,11/17/2015,2016,NA,
53772202,H-53772202,MAP ,33,1,29,86.20396988,16,female,1,2,127,MAP,Hypothalamus,2,86.20396988,0,22.62131643,6.583333333,1,3,4,9,11/17/2015,2016,NA,
61029627,H-61029627,MAP ,33,1,30,88.5065024,16,female,1,2,128,MAP,Hypothalamus,2,88.5065024,0,21.28765742,9.033333333,3,4.2,3,8,11/17/2015,2016,NA,
98953007,H-98953007,MAP ,34,4,21,80.03285421,12,female,1,2,129,MAP,Hypothalamus,2,80.03285421,0,22.13241491,6,4,7.5,3,8,11/24/2015,2016,NA,
20105242,H-20105242,ROS ,33,1,29,87.28542094,18,female,1,2,130,ROS,Hypothalamus,2,87.28542094,1,39.3241149,7.5,3,7,4,9,11/24/2015,2016,NA,
50400835,H-50400835,MAP ,23,1,29,86.70225873,14,male,1,2,131,MAP,Hypothalamus,1,86.70225873,1,31.63530863,3.883333333,1,5.8,2,5,11/24/2015,2016,NA,
7253015,H-07253015,MAP ,34,4,23,88.5284052,12,female,1,2,132,MAP,Hypothalamus,2,88.5284052,1,31.47390399,4.166666667,5,7.4,3,8,11/24/2015,2016,NA,
8109170,H-08109170,MAP ,23,1,27,88.08761123,16,female,1,2,133,MAP,Hypothalamus,2,88.08761123,0,23.02852537,5.45,3,2.5,2,3,11/24/2015,2016,NA,
44299049,H-44299049,MAP ,34,4,13,95.97535934,20,male,1,2,134,MAP,Hypothalamus,1,95.97535934,0,21.80978495,14.33333333,4,2.9,2,3,11/24/2015,2016,NA,
20205705,H-20205705,ROS ,33,1,29,79.63039014,19,female,1,2,135,ROS,Hypothalamus,2,79.63039014,1,33.44012337,29.58333333,3,5.1,2,3,11/24/2015,2016,NA,
75990666,H-75990666,MAP ,34,5,12,87.99178645,12,male,1,2,136,MAP,Hypothalamus,1,87.99178645,1,33.78105433,7.583333333,4,6,3,6,11/24/2015,2016,NA,
74753465,H-74753465,MAP ,33,4,12,91.94524298,18,female,1,2,137,MAP,Hypothalamus,2,91.94524298,1,30.90233406,7.75,4,4.5,1,2,11/24/2015,2016,NA,
10577337,H-10577337,ROS ,33,1,29,84.30390144,21,male,1,2,138,ROS,Hypothalamus,1,84.30390144,0,23.43130406,18.5,3,3.2,1,3,11/24/2015,2016,NA,
65736039,H-65736039,MAP ,33,2,27,90.68856947,17,male,1,2,139,MAP,Hypothalamus,1,90.68856947,1,34.67330956,7.75,3,6.6,3,8,11/24/2015,2016,NA,
20925996,H-20925996,ROS ,33,4,0,100.3340178,15,female,1,2,140,ROS,Hypothalamus,2,100.3340178,0,20.48207556,NA,NA,7.3,9,18,11/24/2015,2017,NA,
37065652,H-37065652,MAP ,33,1,27,77.16358658,13,female,1,1,141,MAP,Hypothalamus,2,77.16358658,1,32.60412029,5.5,3,6.7,2,3,12/01/2015,2016,NA,
51400993,H-51400993,MAP ,33,2,27,89.72758385,16,female,1,2,142,MAP,Hypothalamus,2,89.72758385,1,35.25135807,6.55,3,4.9,1,1,12/01/2015,2016,NA,
16513683,H-16513683,MAP ,34,5,19.61538462,96.7063655,11,female,1,2,143,MAP,Hypothalamus,2,96.7063655,0,22.65780625,7.083333333,4,6.3,4,11,12/01/2015,2016,NA,
21406920,H-21406920,ROS ,33,4,0,72.39972621,13,female,1,2,144,ROS,Hypothalamus,2,72.39972621,0,20.59542239,3,5,7.3,1,3,12/01/2015,2016,NA,
21140119,N-21140119,ROS ,33,1,29,85.48391513,20,female,1,2,145,ROS,NucAcc,2,85.48391513,1,32.9225148,3.416666667,4,7.2,4,11,12/01/2015,2016,NA,
11200645,N-11200645,ROS ,33,1,29,83.72895277,16,male,1,2,146,ROS,NucAcc,1,83.72895277,0,19.30853281,4.25,4,7.8,4,10,12/01/2015,2016,NA,
20186901,N-20186901,ROS ,33,4,19,95.2936345,20,female,1,2,147,ROS,NucAcc,2,95.2936345,0,22.67995464,4.833333333,2,7.6,3,7,12/01/2015,2016,NA,
21126823,N-21126823,ROS ,33,2,27,92.67351129,18,female,1,2,148,ROS,NucAcc,2,92.67351129,1,33.53952708,6.283333333,1,8,1,1,12/01/2015,2016,NA,
65652206,N-65652206,MAP ,33,1,28,78.23408624,16,male,1,2,149,MAP,NucAcc,1,78.23408624,1,32.23457221,4.516666667,1,7.3,1,1,12/01/2015,2016,NA,
20242958,N-20242958,ROS ,33,4,18,87.84668036,20,female,1,2,150,ROS,NucAcc,2,87.84668036,1,35.25135807,4.216666667,5,8.2,3,8,12/01/2015,2016,NA,
50100932,N-50100932,MAP ,34,4,17,91.11841205,12,female,1,2,151,MAP,NucAcc,2,91.11841205,0,23.63125274,11.98333333,5,6.8,1,3,12/01/2015,2016,NA,
20214850,N-20214850,ROS ,34,4,15,84.80766598,21,female,1,2,152,ROS,NucAcc,2,84.80766598,0,20.69107633,4.416666667,5,8.7,1,1,12/01/2015,2016,NA,
37178462,N-37178462,MAP ,33,1,28,82.69130732,16,male,1,2,153,MAP,NucAcc,1,82.69130732,1,35.26242948,7.266666667,2,7.6,4,10,12/15/2015,2016,NA,
44749170,N-44749170,MAP ,33,2,22,87.41683778,16,female,1,2,154,MAP,NucAcc,2,87.41683778,1,37.28447089,10.35,3,8.4,1,3,12/15/2015,2016,NA,
70816595,N-70816595,MAP ,33,1,27,90.53798768,13,male,1,2,155,MAP,NucAcc,1,90.53798768,1,34.55584771,4.583333333,2,6.9,4,9,12/15/2015,2016,NA,
21274866,N-21274866,ROS ,33,1,29,75.84668036,14,female,1,2,156,ROS,NucAcc,2,75.84668036,1,35.71132874,3,1,2.3,2,4,12/15/2015,2016,NA,
53772202,N-53772202,MAP ,33,1,29,86.20396988,16,female,1,2,157,MAP,NucAcc,2,86.20396988,0,22.62131643,6.583333333,1,5.4,3,7,12/15/2015,2016,NA,
61029627,N-61029627,MAP ,33,1,30,88.5065024,16,female,1,2,158,MAP,NucAcc,2,88.5065024,0,21.28765742,9.033333333,3,6.9,1,2,12/15/2015,2016,NA,
98953007,N-98953007,MAP ,34,4,21,80.03285421,12,female,1,2,159,MAP,NucAcc,2,80.03285421,0,22.13241491,6,4,8,4,9,12/15/2015,2016,NA,
20105242,N-20105242,ROS ,33,1,29,87.28542094,18,female,1,2,160,ROS,NucAcc,2,87.28542094,1,39.3241149,7.5,3,9,3,8,12/15/2015,2016,NA,
50400835,N-50400835,MAP ,23,1,29,86.70225873,14,male,1,2,161,MAP,NucAcc,1,86.70225873,1,31.63530863,3.883333333,1,7.8,4,11,12/15/2015,2016,NA,
7253015,N-07253015,MAP ,34,4,23,88.5284052,12,female,1,2,162,MAP,NucAcc,2,88.5284052,1,31.47390399,4.166666667,5,8.6,4,10,12/15/2015,2016,NA,
8109170,N-08109170,MAP ,23,1,27,88.08761123,16,female,1,2,163,MAP,NucAcc,2,88.08761123,0,23.02852537,5.45,3,6.8,1,3,12/15/2015,2016,NA,
44299049,N-44299049,MAP ,34,4,13,95.97535934,20,male,1,2,164,MAP,NucAcc,1,95.97535934,0,21.80978495,14.33333333,4,6.4,2,4,12/15/2015,2016,NA,
20205705,N-20205705,ROS ,33,1,29,79.63039014,19,female,1,2,165,ROS,NucAcc,2,79.63039014,1,33.44012337,29.58333333,3,7.4,4,10,12/22/2015,2016,NA,
75990666,N-75990666,MAP ,34,5,12,87.99178645,12,male,1,2,166,MAP,NucAcc,1,87.99178645,1,33.78105433,7.583333333,4,8.3,1,2,12/22/2015,2016,NA,
74753465,N-74753465,MAP ,33,4,12,91.94524298,18,female,1,2,167,MAP,NucAcc,2,91.94524298,1,30.90233406,7.75,4,3.6,2,5,12/22/2015,2016,NA,
10577337,N-10577337,ROS ,33,1,29,84.30390144,21,male,1,2,168,ROS,NucAcc,1,84.30390144,0,23.43130406,18.5,3,8.3,4,9,12/22/2015,2016,NA,
65736039,N-65736039,MAP ,33,2,27,90.68856947,17,male,1,2,169,MAP,NucAcc,1,90.68856947,1,34.67330956,7.75,3,7,1,2,12/22/2015,2016,NA,
20925996,N-20925996,ROS ,33,4,0,100.3340178,15,female,1,2,170,ROS,NucAcc,2,100.3340178,0,20.48207556,3.916666667,5,7.8,2,5,12/22/2015,2016,NA,
37065652,N-37065652,MAP ,33,1,27,77.16358658,13,female,1,1,171,MAP,NucAcc,2,77.16358658,1,32.60412029,5.5,3,8,4,10,12/22/2015,2016,NA,
51400993,N-51400993,MAP ,33,2,27,89.72758385,16,female,1,2,172,MAP,NucAcc,2,89.72758385,1,35.25135807,6.55,3,8,4,10,12/22/2015,2016,NA,
16513683,N-16513683,MAP ,34,5,19.61538462,96.7063655,11,female,1,2,173,MAP,NucAcc,2,96.7063655,0,22.65780625,7.083333333,4,7.9,3,8,12/22/2015,2016,NA,
21406920,N-21406920,ROS ,33,4,0,72.39972621,13,female,1,2,174,ROS,NucAcc,2,72.39972621,0,20.59542239,3,5,7.8,4,10,12/22/2015,2016,NA,
10442413,N-10442413,ROS ,34,2,26,87.73716632,15,male,1,2,175,ROSMAP,NucAcc,1,87.73716632,0,23.56507684,7.75,5,6.6,3,7,1/19/2016,2016,NA,
11188366,N-11188366,ROS ,33,1,26,72.24914442,20,male,1,2,176,ROSMAP,NucAcc,1,72.24914442,1,41.15818215,5.5,2,7.3,2,5,1/19/2016,2016,NA,
11344452,N-11344452,ROS ,33,3,30,72.7063655,22,male,1,2,177,ROSMAP,NucAcc,1,72.7063655,1,37.60728016,7.75,2,8.2,4,9,1/19/2016,2016,NA,
11656273,N-11656273,ROS ,33,1,25,82.954141,12,male,1,2,178,ROSMAP,NucAcc,1,82.954141,0,22.11243511,5.75,5,8.1,1,1,1/19/2016,2016,NA,
15147641,N-15147641,ROS ,33,4,15,92.10677618,19,male,1,2,179,ROSMAP,NucAcc,1,92.10677618,1,31.93047247,5.5,5,7.4,1,1,1/19/2016,2016,NA,
20223617,N-20223617,ROS ,33,4,6,97.42642026,21,female,1,2,180,ROSMAP,NucAcc,2,97.42642026,0,22.8628575,10.08333333,5,8,4,11,1/19/2016,2016,NA,
20232186,N-20232186,ROS ,23,1,30,89.64818617,21,female,1,2,181,ROSMAP,NucAcc,2,89.64818617,1,30.78568991,16.91666667,3,3.4,3,7,1/19/2016,2016,NA,
20254452,N-20254452,ROS ,34,4,0,87.18412047,18,female,1,2,182,ROSMAP,NucAcc,2,87.18412047,1,33.8370291,9.75,5,2.6,4,11,1/19/2016,2016,NA,
20288196,N-20288196,ROS ,34,1,29,72.48186174,15,female,1,2,183,ROSMAP,NucAcc,2,72.48186174,0,20.65979339,7.5,2,7.4,4,10,1/19/2016,2016,NA,
20521752,N-20521752,ROS ,33,1,30,78.14647502,11,female,1,2,184,ROS,NucAcc,2,78.14647502,0,22.77684302,8.066666667,3,7.7,4,11,1/19/2016,2016,NA,
20947550,N-20947550,ROS ,34,4,0,83.38398357,18,female,1,2,185,ROSMAP,NucAcc,2,83.38398357,0,19.83962708,3.116666667,4,3.7,3,6,1/19/2016,2016,NA,
20966891,N-20966891,ROS ,33,1,27,90.74058864,15,female,1,2,186,ROSMAP,NucAcc,2,90.74058864,1,39.05992188,2.416666667,3,7.5,3,7,1/19/2016,2016,NA,
21113576,N-21113576,ROS ,33,2,23,85.00205339,16,female,1,2,187,ROSMAP,NucAcc,2,85.00205339,1,35.70320984,17.83333333,4,3,1,2,1/26/2016,2016,NA,
21180423,N-21180423,ROS ,33,1,22,79.78918549,21,female,1,2,188,ROSMAP,NucAcc,2,79.78918549,0,22.5033806,11,3,7.1,3,8,1/26/2016,2016,NA,
21401399,N-21401399,ROS ,34,1,26,82.42299795,23,female,1,2,189,ROSMAP,NucAcc,2,82.42299795,1,39.65116093,3.833333333,3,7.5,3,6,1/26/2016,2016,NA,
21403995,N-21403995,ROS ,33,4,15,86.11362081,12,female,1,2,190,ROSMAP,NucAcc,2,86.11362081,1,33.98670937,21,3,4.2,1,2,1/26/2016,2016,NA,
50103967,N-50103967,MAP ,33,2,30,82.23134839,16,male,1,2,191,ROSMAP,NucAcc,1,82.23134839,1,33.47329151,12.53333333,2,6.8,3,8,1/26/2016,2016,NA,
50105563,N-50105563,MAP ,33,5,1,83.07186858,16,female,1,2,192,ROSMAP,NucAcc,2,83.07186858,0,22.85138287,4.75,5,7.6,2,4,1/26/2016,2016,NA,
50406345,N-50406345,MAP ,33,2,30,93.19644079,18,female,1,2,193,ROSMAP,NucAcc,2,93.19644079,0,20.59542239,5,4,7.4,2,6,1/26/2016,2016,NA,
50406633,N-50406633,MAP ,33,4,10,85.68651608,16,female,1,2,194,ROSMAP,NucAcc,2,85.68651608,1,34.38868693,3.5,4,2.3,1,2,1/26/2016,2016,NA,
50409820,N-50409820,MAP ,33,1,25,90.39835729,12,male,1,2,195,ROSMAP,NucAcc,1,90.39835729,1,34.29301713,8.25,3,3.2,1,2,1/26/2016,2016,NA,
50500550,N-50500550,MAP ,34,2,26,86.87200548,20,female,1,2,196,ROSMAP,NucAcc,2,86.87200548,0,18.7771053,5.416666667,5,7.1,4,9,1/26/2016,2016,NA,
51442191,N-51442191,MAP ,23,4,12,92.8843258,16,female,1,2,197,ROSMAP,NucAcc,2,92.8843258,1,32.94850553,6,5,4.9,2,4,1/26/2016,2016,NA,
54559063,N-54559063,MAP ,23,2,28,90.6146475,18,female,3,2,198,ROSMAP,NucAcc,2,90.6146475,1,32.61503477,12.5,4,8.1,2,6,1/26/2016,2016,NA,
55177253,N-55177253,MAP ,33,2,26,87.01163587,16,male,1,2,199,ROSMAP,NucAcc,1,87.01163587,0,21.6999566,8.75,3,6.7,1,1,02/02/2016,2016,NA,
77970662,N-77970662,MAP ,33,2,29,81.28405202,18,female,1,2,200,ROSMAP,NucAcc,2,81.28405202,1,41.20821758,11.41666667,0,4.2,2,4,02/02/2016,2016,NA,
80592317,N-80592317,MAP ,23,1,28,88.0054757,14,female,1,2,201,ROSMAP,NucAcc,2,88.0054757,0,23.58743205,8.733333333,4,5.4,2,6,02/02/2016,2016,NA,
89546375,N-89546375,MAP ,33,2,25,85.69472964,13,male,1,2,202,ROSMAP,NucAcc,1,85.69472964,0,19.4930423,5.833333333,5,6.3,3,7,02/02/2016,2016,NA,
95442315,N-95442315,MAP ,23,1,29,75.89048597,13,female,2,2,203,ROSMAP,NucAcc,2,75.89048597,1,41.00189596,11.6,2,4,1,1,02/02/2016,2016,NA,
11188366,H-11188366,ROS ,33,1,26,72.24914442,20,male,1,2,204,ROSMAP,Hypothalamus,1,72.24914442,1,41.15818215,5.5,2,4.2,4,9,02/02/2016,2016,NA,
11344452,H-11344452,ROS ,33,3,30,72.7063655,22,male,1,2,205,ROSMAP,Hypothalamus,1,72.7063655,1,37.60728016,7.75,2,5.3,4,11,02/02/2016,2016,NA,
11656273,H-11656273,ROS ,33,1,25,82.954141,12,male,1,2,206,ROSMAP,Hypothalamus,1,82.954141,0,22.11243511,5.75,5,7,4,11,02/02/2016,2016,NA,
20232186,H-20232186,ROS ,23,1,30,89.64818617,21,female,1,2,207,ROSMAP,Hypothalamus,2,89.64818617,1,30.78568991,16.91666667,3,3.3,2,4,02/02/2016,2016,NA,
20254452,H-20254452,ROS ,34,4,0,87.18412047,18,female,1,2,208,ROSMAP,Hypothalamus,2,87.18412047,1,33.8370291,9.75,5,2.4,4,11,02/02/2016,2016,NA,
20288196,H-20288196,ROS ,34,1,29,72.48186174,15,female,1,2,209,ROSMAP,Hypothalamus,2,72.48186174,0,20.65979339,7.5,2,5.1,2,5,02/02/2016,2016,NA,
20521752,H-20521752,ROS ,33,1,30,78.14647502,11,female,1,2,210,ROS,Hypothalamus,2,78.14647502,0,22.77684302,8.066666667,3,4.1,4,11,02/02/2016,2016,NA,
20966891,H-20966891,ROS ,33,1,27,90.74058864,15,female,1,2,211,ROSMAP,Hypothalamus,2,90.74058864,1,39.05992188,2.416666667,3,4.7,4,9,02/09/2016,2016,NA,
21113576,H-21113576,ROS ,33,2,23,85.00205339,16,female,1,2,212,ROSMAP,Hypothalamus,2,85.00205339,1,35.70320984,17.83333333,4,2.4,4,10,02/09/2016,2016,NA,
21155774,H-21155774,ROS ,33,1,27,86.91854894,22,female,1,2,213,ROSMAP,Hypothalamus,2,86.91854894,0,19.2048003,5,2,4.7,3,6,02/09/2016,2016,NA,
21403995,H-21403995,ROS ,33,4,15,86.11362081,12,female,1,2,214,ROSMAP,Hypothalamus,2,86.11362081,1,33.98670937,21,3,4.2,1,3,02/09/2016,2016,NA,
50406345,H-50406345,MAP ,33,2,30,93.19644079,18,female,1,2,215,ROSMAP,Hypothalamus,2,93.19644079,0,20.59542239,5,4,7.3,3,6,02/09/2016,2016,NA,
50406633,H-50406633,MAP ,33,4,10,85.68651608,16,female,1,2,216,ROSMAP,Hypothalamus,2,85.68651608,1,34.38868693,3.5,4,2.4,4,9,02/09/2016,2016,NA,
50409820,H-50409820,MAP ,33,1,25,90.39835729,12,male,1,2,217,ROSMAP,Hypothalamus,1,90.39835729,1,34.29301713,8.25,3,3.1,3,7,02/09/2016,2016,NA,
50500550,H-50500550,MAP ,34,2,26,86.87200548,20,female,1,2,218,ROSMAP,Hypothalamus,2,86.87200548,0,18.7771053,5.416666667,5,5.3,3,6,02/09/2016,2016,NA,
51442191,H-51442191,MAP ,23,4,12,92.8843258,16,female,1,2,219,ROSMAP,Hypothalamus,2,92.8843258,1,32.94850553,6,5,2.3,4,10,02/09/2016,2016,NA,
54559063,H-54559063,MAP ,23,2,28,90.6146475,18,female,3,2,220,ROSMAP,Hypothalamus,2,90.6146475,1,32.61503477,12.5,4,6.4,1,3,02/09/2016,2016,NA,
77970662,H-77970662,MAP ,33,2,29,81.28405202,18,female,1,2,221,ROSMAP,Hypothalamus,2,81.28405202,1,41.20821758,11.41666667,0,2.7,3,6,02/09/2016,2016,NA,
80592317,H-80592317,MAP ,23,1,28,88.0054757,14,female,1,2,222,ROSMAP,Hypothalamus,2,88.0054757,0,23.58743205,8.733333333,4,5.4,4,9,02/09/2016,2016,NA,
89546375,H-89546375,MAP ,33,2,25,85.69472964,13,male,1,2,223,ROSMAP,Hypothalamus,1,85.69472964,0,19.4930423,5.833333333,5,5,1,2,02/09/2016,2016,NA,
68725248,H-68725248,MAP ,34,5,0,95.45516769,12,female,1,2,224,ROSMAP,Hypothalamus,2,95.45516769,1,31.2479375,6.116666667,5,5.9,4,10,02/09/2016,2016,NA,
21408940,N-21408940,ROS ,33,2,28,80.08761123,19,female,1,2,225,ROSMAP,NucAcc,2,80.08761123,1,34.56864054,4.783333333,3,3.6,3,8,3/22/2016,2016,NA,
52940446,N-52940446,MAP ,33,2,26,87.37029432,14,female,1,2,226,ROSMAP,NucAcc,2,87.37029432,1,40.79916,4.25,5,5,2,4,3/22/2016,2016,NA,
8637647,N-08637647,MAP ,33,1,25,89.53867214,19,male,1,2,227,ROSMAP,NucAcc,1,89.53867214,1,32.73411141,5.916666667,3,6.6,3,7,3/22/2016,2016,NA,
50107295,N-50107295,MAP ,33,1,27,95.39493498,12,male,1,2,228,ROSMAP,NucAcc,1,95.39493498,0,21.43903152,5.833333333,4,8.3,1,1,3/22/2016,2016,NA,
44671043,N-44671043,MAP ,33,2,20,77.68377823,12,male,1,2,229,ROSMAP,NucAcc,1,77.68377823,0,18.72293776,13.75,2,7.5,1,2,3/22/2016,2016,NA,
92371267,N-92371267,MAP ,33,2,24,88.16427105,15,female,1,2,230,ROSMAP,NucAcc,2,88.16427105,1,32.02913594,4.766666667,5,7,3,7,3/22/2016,2016,NA,
21408940,H-21408940,ROS ,33,2,28,80.08761123,19,female,1,2,231,ROSMAP,Hypothalamus,2,80.08761123,1,34.56864054,4.783333333,3,5.4,2,5,3/22/2016,2016,NA,
52940446,H-52940446,MAP ,33,2,26,87.37029432,14,female,1,2,232,ROSMAP,Hypothalamus,2,87.37029432,1,40.79916,4.25,5,2.4,2,4,3/22/2016,2016,NA,
8637647,H-08637647,MAP ,33,1,25,89.53867214,19,male,1,2,233,ROSMAP,Hypothalamus,1,89.53867214,1,32.73411141,5.916666667,3,3.3,2,5,3/22/2016,2016,NA,
50107295,H-50107295,MAP ,33,1,27,95.39493498,12,male,1,2,234,ROSMAP,Hypothalamus,1,95.39493498,0,21.43903152,5.833333333,4,2.2,3,8,3/22/2016,2016,NA,
44671043,H-44671043,MAP ,33,2,20,77.68377823,12,male,1,2,235,ROSMAP,Hypothalamus,1,77.68377823,0,18.72293776,13.75,2,2.2,4,11,3/22/2016,2016,NA,
92371267,H-92371267,MAP ,33,2,24,88.16427105,15,female,1,2,236,ROSMAP,Hypothalamus,2,88.16427105,1,32.02913594,4.766666667,5,2.2,3,7,3/22/2016,2016,NA,
46910335,N-46910335,MAP ,24,2,28,88.83230664,16,female,1,2,237,MAP,NucAcc,2,88.83230664,0,20.54853033,8.083333333,4,7.4,8,12,4/19/2016,2017,NA,
24680888,N-24680888,MAP ,34,4,3.103448276,86.16837782,16,male,1,2,238,MAP,NucAcc,1,86.16837782,1,30.54437851,11.5,5,6.4,9,13,4/19/2016,2017,NA,
39800111,N-39800111,MAP ,33,4,0,98.5982204,13,female,1,2,239,MAP,NucAcc,2,98.5982204,1,35.3492293,5.25,4,7.2,9,24,4/19/2016,2017,NA,
86712535,N-86712535,MAP ,34,1,27,72.73374401,14,female,2,2,240,MAP,NucAcc,2,72.73374401,1,34.1997381,7.283333333,4,6,5,26,4/19/2016,2017,NA,
92023910,N-92023910,MAP ,33,4,9.642857143,82.24229979,12,female,1,2,241,MAP,NucAcc,2,82.24229979,1,32.02913594,5,3,4.3,6,15,4/19/2016,2017,NA,
10319069,N-10319069,ROS ,33,1,25,91.85215606,12,male,1,2,242,ROS,NucAcc,1,91.85215606,0,24.9361785,7.866666667,2,7.8,9,22,4/19/2016,2017,NA,
11166252,N-11166252,ROS ,33,1,28,87.64681725,24,male,1,2,243,ROS,NucAcc,1,87.64681725,1,31.48113107,13.78333333,4,7.5,9,13,4/19/2016,2017,NA,
39136480,N-39136480,MAP ,34,4,0,103.4579055,15,female,1,2,244,MAP,NucAcc,2,103.4579055,1,31.17655684,4.916666667,4,3,9,19,4/19/2016,2017,NA,
40510997,N-40510997,MAP ,33,4,26,97.58795346,16,female,1,2,245,MAP,NucAcc,2,97.58795346,1,35.54452891,5,4,8.1,5,14,4/19/2016,2017,NA,
21180847,N-21180847,ROS ,33,1,27.85714286,93.24845996,20,female,1,2,246,ROS,NucAcc,2,93.24845996,1,36.21476628,5,4,7.1,9,22,4/19/2016,2017,NA,
11399871,N-11399871,ROS ,23,4,12,86.13004791,16,male,1,2,247,ROS,NucAcc,1,86.13004791,1,34.77020446,6.5,3,7.4,6,23,4/19/2016,2017,NA,
69866926,N-69866926,MAP ,34,4,3,84.10403833,13,female,1,2,248,MAP,NucAcc,2,84.10403833,0,21.30541193,7,6,7.7,6,16,4/19/2016,2017,NA,
30544882,N-30544882,ROS ,33,4,13,89.35249829,16,female,1,2,249,ROS,NucAcc,2,89.35249829,1,35.70320984,7.5,3,7.7,9,16,05/03/2016,2017,NA,
8682642,N-08682642,MAP ,33,4,14,95.71252567,14,female,1,2,250,ROSMAP,NucAcc,2,95.71252567,1,30.51411257,NA,NA,6.1,8,19,05/03/2016,2017,NA,
55820335,N-55820335,MAP ,33,4,8,87.34565366,12,female,1,2,251,MAP,NucAcc,2,87.34565366,1,32.28337212,12.5,5,7.8,6,15,05/03/2016,2017,NA,
35592862,N-35592862,MAP ,33,1,26,101.3661875,20,female,1,2,252,MAP,NucAcc,2,101.3661875,1,31.9581179,6.916666667,5,7.8,9,19,05/03/2016,2017,NA,
48331728,N-48331728,MAP ,33,1,27,82.71594798,14,female,1,2,253,MAP,NucAcc,2,82.71594798,0,22.29596186,6.583333333,2,6.6,8,25,05/03/2016,2017,NA,
21000216,N-21000216,ROS ,23,1,27,94.08898015,21,female,1,2,254,ROS,NucAcc,2,94.08898015,1,33.78105433,10,2,6.2,7,16,05/03/2016,2017,NA,
10100150,N-10100150,ROS ,24,4,22,84.6844627,26,male,2,2,255,ROS,NucAcc,1,84.6844627,0,20.17557948,11,4,7.5,10,25,05/03/2016,2017,NA,
46910335,H-46910335,MAP ,24,2,28,88.83230664,16,female,1,2,256,MAP,Hypothalamus,2,88.83230664,0,20.54853033,8.083333333,4,3.1,5,24,05/03/2016,2017,NA,
24680888,H-24680888,MAP ,34,4,3.103448276,86.16837782,16,male,1,2,257,MAP,Hypothalamus,1,86.16837782,1,30.54437851,11.5,5,3.9,5,12,05/03/2016,2017,NA,
86712535,H-86712535,MAP ,34,1,27,72.73374401,14,female,2,2,258,MAP,Hypothalamus,2,72.73374401,1,34.1997381,7.283333333,4,2.4,9,21,05/03/2016,2017,NA,
10319069,H-10319069,ROS ,33,1,25,91.85215606,12,male,1,2,259,ROS,Hypothalamus,1,91.85215606,0,24.9361785,7.866666667,2,3.3,7,23,05/03/2016,2017,NA,
11166252,H-11166252,ROS ,33,1,28,87.64681725,24,male,1,2,260,ROS,Hypothalamus,1,87.64681725,1,31.48113107,13.78333333,4,4.4,6,27,05/03/2016,2017,NA,
39136480,H-39136480,MAP ,34,4,0,103.4579055,15,female,1,2,261,MAP,Hypothalamus,2,103.4579055,1,31.17655684,4.916666667,4,3.8,6,22,05/10/2016,2017,Warning: BUID 437 is duplicate of 261 but may be the result of mislabelled tube, not replicated dissection.
40510997,H-40510997,MAP ,33,4,26,97.58795346,16,female,1,2,262,MAP,Hypothalamus,2,97.58795346,1,35.54452891,5,4,8.6,10,27,05/10/2016,2017,NA,
21180847,H-21180847,ROS ,33,1,27.85714286,93.24845996,20,female,1,2,263,ROS,Hypothalamus,2,93.24845996,1,36.21476628,5,4,6.5,7,25,05/10/2016,2017,NA,
21108911,H-21108911,ROS ,33,1,27,89.4072553,18,female,1,2,264,ROS,Hypothalamus,2,89.4072553,0,22.59664902,4.416666667,2,3.2,9,13,05/10/2016,2017,NA,
11399871,H-11399871,ROS ,23,4,12,86.13004791,16,male,1,2,265,ROS,Hypothalamus,1,86.13004791,1,34.77020446,6.5,3,5.6,6,23,05/10/2016,2017,NA,
69866926,H-69866926,MAP ,34,4,3,84.10403833,13,female,1,2,266,MAP,Hypothalamus,2,84.10403833,0,21.30541193,7,6,3.1,5,13,05/10/2016,2017,NA,
30544882,H-30544882,ROS ,33,4,13,89.35249829,16,female,1,2,267,ROS,Hypothalamus,2,89.35249829,1,35.70320984,7.5,3,5.2,5,26,05/10/2016,2017,NA,
8682642,H-08682642,MAP ,33,4,14,95.71252567,14,female,1,2,268,MAP,Hypothalamus,2,95.71252567,1,30.51411257,NA,NA,4.5,7,17,05/10/2016,2017,NA,
55820335,H-55820335,MAP ,33,4,8,87.34565366,12,female,1,2,269,MAP,Hypothalamus,2,87.34565366,1,32.28337212,12.5,5,7.1,8,24,05/10/2016,2017,NA,
35592862,H-35592862,MAP ,33,1,26,101.3661875,20,female,1,2,270,MAP,Hypothalamus,2,101.3661875,1,31.9581179,6.916666667,5,5.8,10,22,05/10/2016,2017,NA,
48331728,H-48331728,MAP ,33,1,27,82.71594798,14,female,1,2,271,MAP,Hypothalamus,2,82.71594798,0,22.29596186,6.583333333,2,3,7,26,05/10/2016,2017,NA,
21000216,H-21000216,ROS ,23,1,27,94.08898015,21,female,1,2,272,ROS,Hypothalamus,2,94.08898015,1,33.78105433,10,2,3.5,9,12,05/10/2016,2017,NA,
10100150,H-10100150,ROS ,24,4,22,84.6844627,26,male,2,2,273,ROS,Hypothalamus,1,84.6844627,0,20.17557948,11,4,3.3,6,19,5/17/2016,2017,NA,
10205244,N-10205244,ROS ,33,1,28,82.9650924,16,male,1,2,274,ROS,NucAcc,1,82.9650924,2,25.54769938,15.61666667,3,5.8,5,27,5/17/2016,2017,NA,
10218339,N-10218339,ROS ,33,1,27,90.29431896,16,male,1,2,275,ROS,NucAcc,1,90.29431896,2,26.15596462,2.833333333,5,8.2,6,16,5/17/2016,2017,NA,
10202345,N-10202345,ROS ,34,1,30,81.5797399,18,male,1,2,276,ROS,NucAcc,1,81.5797399,2,29.14965803,6.75,4,6.5,6,20,5/17/2016,2017,NA,
10395197,N-10395197,ROS ,23,1,26,85.49760438,18,male,1,2,277,ROS,NucAcc,1,85.49760438,2,29.44503801,5.5,3,7,8,20,5/17/2016,2017,NA,
10684501,N-10684501,ROS ,34,4,21,83.1321013,18,male,1,2,278,ROS,NucAcc,1,83.1321013,2,25.12777933,7.333333333,5,7.8,5,25,5/17/2016,2017,NA,
50105725,N-50105725,MAP ,23,2,27,87.4661191,17,male,1,2,279,MAP,NucAcc,1,87.4661191,2,27.29109808,21.63333333,4,3.1,8,27,5/17/2016,2017,NA,
11440263,N-11440263,ROS ,34,1,29,77.17727584,12,male,1,2,280,ROS,NucAcc,1,77.17727584,2,29.53491257,2.5,1,8,8,23,5/17/2016,2017,NA,
50100220,N-50100220,MAP ,33,1,30,92.47638604,11,female,1,1,281,MAP,NucAcc,2,92.47638604,2,NA,5.833333333,4,4.6,9,17,5/17/2016,2017,NA,
10885370,N-10885370,ROS ,34,1,28,82.88569473,23,male,1,2,282,ROS,NucAcc,1,82.88569473,2,25.8430485,6.083333333,1,6.3,9,21,5/17/2016,2017,NA,
15113169,N-15113169,ROS ,33,1,29,84.82409309,21,male,1,2,283,ROS,NucAcc,1,84.82409309,2,28.79653976,5.5,4,7.8,8,12,5/17/2016,2017,NA,
50109189,N-50109189,MAP ,23,1,29,85.07323751,15,female,1,2,284,MAP,NucAcc,2,85.07323751,2,27.4387881,6.75,3,5.8,9,15,5/17/2016,2017,NA,
10557081,N-10557081,ROS ,33,2,30,85.32238193,20,male,1,2,285,ROS,NucAcc,1,85.32238193,2,26.68828948,5,3,5.5,8,21,5/24/2016,2017,NA,
11275158,N-11275158,ROS ,24,5,1,86.46132786,13,male,1,2,286,ROS,NucAcc,1,86.46132786,2,NA,19,3,6.3,10,23,5/24/2016,2017,NA,
15176592,N-15176592,ROS ,33,1,29,84.20807666,18,male,1,2,287,ROS,NucAcc,1,84.20807666,2,26.62583225,6.25,4,5.3,8,14,5/24/2016,2017,NA,
11430815,N-11430815,ROS ,34,4,11,86.58726899,25,male,1,2,288,ROS,NucAcc,1,86.58726899,2,27.25232242,1.25,1,8.2,9,27,5/24/2016,2017,NA,
50104134,N-50104134,MAP ,34,4,15.51724138,90.03696099,18,male,1,2,289,MAP,NucAcc,1,90.03696099,2,29.008858,5.333333333,4,8.3,7,26,5/24/2016,2017,NA,
60848460,N-60848460,MAP ,34,2,25,87.40314853,14,female,1,2,290,MAP,NucAcc,2,87.40314853,2,25.69704079,7,5,7.9,10,19,5/24/2016,2017,NA,
10383017,N-10383017,ROS ,33,1,27,87.86858316,18,male,1,2,291,ROS,NucAcc,1,87.86858316,2,27.29235752,6.166666667,1,7.5,9,20,5/24/2016,2017,NA,
33477756,N-33477756,MAP ,33,1,28,93.13620808,16,female,1,2,292,MAP,NucAcc,2,93.13620808,2,28.15337557,4.766666667,3,8.5,7,25,5/24/2016,2017,NA,
21001933,N-21001933,ROS ,33,1,27,80.85420945,16,female,1,2,293,ROS,NucAcc,2,80.85420945,2,25.15423541,4.833333333,1,8.1,9,17,5/24/2016,2017,NA,
21138877,N-21138877,ROS ,33,2,27,86.54893908,12,female,1,2,294,ROS,NucAcc,2,86.54893908,2,24.99835,4.833333333,3,4,9,18,5/24/2016,2017,NA,
50301099,N-50301099,MAP ,33,1,28.92857143,95.62765229,12,male,1,2,295,MAP,NucAcc,1,95.62765229,2,26.93907733,9.833333333,4,8.3,5,18,5/24/2016,2017,NA,
15115927,N-15115927,ROS ,33,1,30,77.31964408,20,male,1,2,296,ROS,NucAcc,1,77.31964408,2,27.31979413,10.08333333,1,3.7,5,18,5/24/2016,2017,NA,
20112377,N-20112377,ROS ,34,4,8,74.77344285,16,female,1,2,297,ROS,NucAcc,2,74.77344285,2,NA,5.083333333,5,8.4,6,19,5/31/2016,2017,NA,
10101327,N-10101327,ROS ,33,4,12,89.71389459,21,male,1,2,298,ROS,NucAcc,1,89.71389459,2,29.15750971,13.25,5,8.3,10,13,5/31/2016,2017,NA,
11327005,N-11327005,ROS ,23,4,24,88.96098563,20,male,1,2,299,ROS,NucAcc,1,88.96098563,2,27.10280294,2.583333333,4,6.6,10,25,5/31/2016,2017,NA,
20969088,N-20969088,ROS ,33,2,23,103.7453799,18,female,1,2,300,ROS,NucAcc,2,103.7453799,2,28.15337557,9.916666667,4,5.8,7,14,5/31/2016,2017,NA,
20944237,H-20944237,ROS ,23,2,26,97.54140999,16,female,1,2,301,ROS,Hypothalamus,2,97.54140999,2,27.37910101,3,4,5.8,5,20,5/31/2016,2017,NA,
21145876,H-21145876,ROS ,33,1,29,79.84941821,20,female,1,2,302,ROS,Hypothalamus,2,79.84941821,2,NA,5.816666667,4,4.1,7,17,5/31/2016,2017,NA,
50105725,H-50105725,MAP ,23,2,27,87.4661191,17,male,1,2,303,MAP,Hypothalamus,1,87.4661191,2,27.29109808,21.63333333,4,3.6,8,17,5/31/2016,2017,NA,
50100220,H-50100220,MAP ,33,1,30,92.47638604,11,female,1,1,304,MAP,Hypothalamus,2,92.47638604,2,NA,5.833333333,4,5,7,13,5/31/2016,2017,NA,
50109189,H-50109189,MAP ,23,1,29,85.07323751,15,female,1,2,305,MAP,Hypothalamus,2,85.07323751,2,27.4387881,6.75,3,3.1,6,21,5/31/2016,2017,NA,
15176592,H-15176592,ROS ,33,1,29,84.20807666,18,male,1,2,306,ROS,Hypothalamus,1,84.20807666,2,26.62583225,6.25,4,2.8,6,15,5/31/2016,2017,NA,
50302266,H-50302266,MAP ,33,1,30,81.61806982,15,male,1,2,307,MAP,Hypothalamus,1,81.61806982,2,28.73124188,7.166666667,2,2.5,7,22,5/31/2016,2017,NA,
11430815,H-11430815,ROS ,34,4,11,86.58726899,25,male,1,2,308,ROS,Hypothalamus,1,86.58726899,2,27.25232242,1.25,1,7.9,8,23,5/31/2016,2017,NA,
60848460,H-60848460,MAP ,34,2,25,87.40314853,14,female,1,2,309,MAP,Hypothalamus,2,87.40314853,2,25.69704079,7,5,6.3,10,15,06/07/2016,2017,NA,
10383017,H-10383017,ROS ,33,1,27,87.86858316,18,male,1,2,310,ROS,Hypothalamus,1,87.86858316,2,27.29235752,6.166666667,1,5.7,7,23,06/07/2016,2017,NA,
33477756,H-33477756,MAP ,33,1,28,93.13620808,16,female,1,2,311,MAP,Hypothalamus,2,93.13620808,2,28.15337557,4.766666667,3,4.6,9,16,06/07/2016,2017,NA,
21001933,H-21001933,ROS ,33,1,27,80.85420945,16,female,1,2,312,ROS,Hypothalamus,2,80.85420945,2,25.15423541,4.833333333,1,5.3,8,14,06/07/2016,2017,NA,
21138877,H-21138877,ROS ,33,2,27,86.54893908,12,female,1,2,313,ROS,Hypothalamus,2,86.54893908,2,24.99835,4.833333333,3,6.8,9,18,06/07/2016,2017,NA,
50301099,H-50301099,MAP ,33,1,28.92857143,95.62765229,12,male,1,2,314,MAP,Hypothalamus,1,95.62765229,2,26.93907733,9.833333333,4,7.4,8,24,06/07/2016,2017,NA,
20112377,H-20112377,ROS ,34,4,8,74.77344285,16,female,1,2,315,ROS,Hypothalamus,2,74.77344285,2,NA,5.083333333,5,7.7,8,14,06/07/2016,2017,NA,
10101327,H-10101327,ROS ,33,4,12,89.71389459,21,male,1,2,316,ROS,Hypothalamus,1,89.71389459,2,29.15750971,13.25,5,7.8,10,13,06/07/2016,2017,NA,
64493027,H-64493027,MAP ,34,1,26,92.77754962,14,female,1,2,317,MAP,Hypothalamus,2,92.77754962,2,28.15337557,3.333333333,3,5.9,9,23,06/07/2016,2017,NA,
11327005,H-11327005,ROS ,23,4,24,88.96098563,20,male,1,2,318,ROS,Hypothalamus,1,88.96098563,2,27.10280294,2.583333333,4,5.9,9,20,06/07/2016,2017,NA,
20969088,H-20969088,ROS ,33,2,23,103.7453799,18,female,1,2,319,ROS,Hypothalamus,2,103.7453799,2,28.15337557,9.916666667,4,4.1,9,16,06/07/2016,2017,NA,
6073025,N-06073025,MAP ,33,1,27,85.4072553,13,female,1,2,320,MAP,NucAcc,NA,NA,2,NA,NA,NA,4.6,7,18,06/07/2016,2017,NA,
46000440,N-46000440,MAP ,34,4,19,89.64271047,16,male,1,2,321,MAP,NucAcc,1,89.64271047,2,28.28955289,6.916666667,4,8.3,8,16,6/14/2016,2017,NA,
22868024,N-22868024,MAP ,33,2,26,94.70225873,12,male,1,2,322,MAP,NucAcc,1,94.70225873,2,28.19205767,5.25,3,8,8,17,6/14/2016,2017,NA,
50109477,N-50109477,MAP ,34,2,21,89.37166324,16,male,1,2,323,MAP,NucAcc,1,89.37166324,2,26.4692097,4.416666667,4,5.2,7,21,6/14/2016,2017,NA,
20917568,N-20917568,ROS ,33,5,22,82.26694045,18,female,2,2,324,ROS,NucAcc,2,82.26694045,2,25.52947445,4.716666667,4,8.3,6,20,6/14/2016,2017,NA,
36830117,N-36830117,MAP ,33,2,24,90.53251198,9,male,1,2,325,MAP,NucAcc,1,90.53251198,2,25.91915715,6.75,3,6.9,7,26,6/14/2016,2017,NA,
68015667,N-68015667,MAP ,34,6,18,85.8973306,16,male,1,2,326,MAP,NucAcc,1,85.8973306,2,28.69708546,6,3,8.2,9,26,6/14/2016,2017,NA,
50410319,N-50410319,MAP ,34,4,1,84.84599589,18,male,1,2,327,MAP,NucAcc,1,84.84599589,2,26.28607219,3.916666667,5,5.4,5,12,6/14/2016,2017,NA,
2817047,N-02817047,MAP ,33,4,12,92.30663929,20,male,1,2,328,MAP,NucAcc,NA,NA,2,NA,NA,NA,2.2,6,19,6/14/2016,2017,NA,
20143248,N-20143248,ROS ,33,2,28,91.04996578,20,female,1,2,329,ROS,NucAcc,2,91.04996578,2,28.12314375,3.333333333,4,7.5,10,16,6/14/2016,2017,NA,
50404163,N-50404163,MAP ,23,1,29,89.01300479,15,female,1,2,330,MAP,NucAcc,2,89.01300479,2,26.95827981,11.15,4,8,9,18,6/14/2016,2017,NA,
74078795,N-74078795,MAP ,33,4,22,99.03901437,13,female,1,2,331,MAP,NucAcc,2,99.03901437,2,NA,10.43333333,4,3.5,8,26,6/14/2016,2017,NA,
21183160,N-21183160,ROS ,33,4,10,89.47843943,16,female,1,2,332,ROS,NucAcc,2,89.47843943,2,25.97484805,4.333333333,4,8.7,5,23,6/14/2016,2017,NA,
20380417,N-20380417,ROS ,34,4,5,98.84462697,18,female,1,2,333,ROS,NucAcc,2,98.84462697,2,27.42587573,3.8,5,7.1,8,24,6/21/2016,2017,NA,
27313862,N-27313862,MAP ,22,1,28,97.2073922,16,female,1,2,334,MAP,NucAcc,2,97.2073922,2,26.86281327,4.833333333,3,7.1,5,16,6/21/2016,2017,NA,
62985554,N-62985554,MAP ,33,4,2,85.69746749,12,female,1,2,335,MAP,NucAcc,2,85.69746749,2,NA,4.733333333,5,3.1,10,15,6/21/2016,2017,NA,
21123474,N-21123474,ROS ,23,4,18,98.00410678,18,female,1,2,336,ROS,NucAcc,2,98.00410678,2,NA,11.51666667,4,3.8,7,14,6/21/2016,2017,NA,
60725338,N-60725338,MAP ,23,1,29,90.71321013,18,female,1,2,337,MAP,NucAcc,2,90.71321013,2,26.36544727,7.533333333,4,7.5,7,18,6/21/2016,2017,NA,
39989287,N-39989287,MAP ,33,1,24,89.08692676,12,male,1,2,338,MAP,NucAcc,1,89.08692676,2,25.52947445,7.75,3,7.8,6,22,6/21/2016,2017,NA,
21001519,N-21001519,ROS ,34,1,28,81.18001369,21,female,1,2,339,ROS,NucAcc,2,81.18001369,2,26.87677044,5.75,2,7.1,7,13,6/21/2016,2017,NA,
11619606,N-11619606,ROS ,23,5,5,87.84941821,15,male,1,2,340,ROS,NucAcc,1,87.84941821,2,27.46400757,4.583333333,4,8,5,15,6/21/2016,2017,NA,
10248033,N-10248033,ROS ,44,4,12,88.46817248,19,male,1,2,341,ROS,NucAcc,1,88.46817248,2,26.15596462,17.91666667,3,5.8,6,22,6/21/2016,2017,NA,
86177506,N-86177506,MAP ,34,4,27,92.78302533,16,female,1,2,342,MAP,NucAcc,2,92.78302533,2,26.09080719,9.75,4,4.6,7,18,6/21/2016,2017,NA,
60269051,N-60269051,ROS ,33,2,24,89.18001369,18,female,1,2,343,ROS,NucAcc,2,89.18001369,2,NA,6.666666667,4,7.8,5,19,6/21/2016,2017,NA,
6073025,H-06073025,MAP ,33,1,27,85.4072553,13,female,1,2,344,MAP,Hypothalamus,NA,NA,2,NA,NA,NA,3.6,5,12,6/21/2016,2017,NA,
68015667,H-68015667,MAP ,34,6,18,85.8973306,16,male,1,2,345,MAP,Hypothalamus,1,85.8973306,2,28.69708546,6,3,3.3,8,15,6/28/2016,2017,NA,
54122640,H-54122640,MAP ,33,4,24.44444444,93.14989733,16,female,1,2,346,MAP,Hypothalamus,2,93.14989733,2,25.24700495,5.483333333,5,4.5,5,17,6/28/2016,2017,NA,
2817047,H-02817047,MAP ,33,4,12,92.30663929,20,male,1,2,347,MAP,Hypothalamus,NA,NA,2,NA,NA,NA,2.4,5,26,6/28/2016,2017,NA,
20143248,H-20143248,ROS ,33,2,28,91.04996578,20,female,1,2,348,ROS,Hypothalamus,2,91.04996578,2,28.12314375,3.333333333,4,6.2,7,22,6/28/2016,2017,NA,
5498462,H-05498462,MAP ,33,1,27,92.1670089,14,male,1,2,349,MAP,Hypothalamus,NA,NA,2,NA,NA,NA,3,10,22,6/28/2016,2017,NA,
74078795,H-74078795,MAP ,33,4,22,99.03901437,13,female,1,2,350,MAP,Hypothalamus,2,99.03901437,2,NA,10.43333333,4,3.5,9,25,6/28/2016,2017,NA,
46000440,H-46000440,MAP ,34,4,19,89.64271047,16,male,1,2,351,MAP,Hypothalamus,1,89.64271047,2,28.28955289,6.916666667,4,4.3,8,17,6/28/2016,2017,NA,
50104710,H-50104710,MAP ,34,1,30,83.24435318,12,female,1,1,352,MAP,Hypothalamus,2,83.24435318,2,NA,6.95,1,2.7,9,23,6/28/2016,2017,NA,
22868024,H-22868024,MAP ,33,2,26,94.70225873,12,male,1,2,353,MAP,Hypothalamus,1,94.70225873,2,28.19205767,5.25,3,6.7,5,19,6/28/2016,2017,NA,
50109477,H-50109477,MAP ,34,2,21,89.37166324,16,male,1,2,354,MAP,Hypothalamus,1,89.37166324,2,26.4692097,4.416666667,4,6.6,10,25,6/28/2016,2017,NA,
20917568,H-20917568,ROS ,33,5,22,82.26694045,18,female,2,2,355,ROS,Hypothalamus,2,82.26694045,2,25.52947445,4.716666667,4,6.6,10,22,6/28/2016,2017,NA,
36830117,H-36830117,MAP ,33,2,24,90.53251198,9,male,1,2,356,MAP,Hypothalamus,1,90.53251198,2,25.91915715,6.75,3,6.7,9,20,6/28/2016,2017,NA,
18414513,H-18414513,MAP ,33,4,4,97.60164271,16,male,1,2,357,MAP,Hypothalamus,1,97.60164271,2,25.84271953,3.083333333,5,5.1,8,27,7/26/2016,2017,NA,
21183160,H-21183160,ROS ,33,4,10,89.47843943,16,female,1,2,358,ROS,Hypothalamus,2,89.47843943,2,25.97484805,4.333333333,4,7.8,5,19,7/26/2016,2017,NA,
20380417,H-20380417,ROS ,34,4,5,98.84462697,18,female,1,2,359,ROS,Hypothalamus,2,98.84462697,2,27.42587573,3.8,5,7.3,7,14,7/26/2016,2017,NA,
27313862,H-27313862,MAP ,22,1,28,97.2073922,16,female,1,2,360,MAP,Hypothalamus,2,97.2073922,2,26.86281327,4.833333333,3,5.3,10,14,7/26/2016,2017,NA,
62985554,H-62985554,MAP ,33,4,2,85.69746749,12,female,1,2,361,MAP,Hypothalamus,2,85.69746749,2,NA,4.733333333,5,4.3,9,18,7/26/2016,2017,NA,
67429065,H-67429065,MAP ,33,2,26,91.78097194,16,male,1,2,362,MAP,Hypothalamus,1,91.78097194,2,26.9128268,6.866666667,2,2.7,5,12,7/26/2016,2017,NA,
21123474,H-21123474,ROS ,23,4,18,98.00410678,18,female,1,2,363,ROS,Hypothalamus,2,98.00410678,2,NA,11.51666667,4,3.4,9,17,7/26/2016,2017,NA,
60725338,H-60725338,MAP ,23,1,29,90.71321013,18,female,1,2,364,MAP,Hypothalamus,2,90.71321013,2,26.36544727,7.533333333,4,4.4,6,15,7/26/2016,2017,NA,
39989287,H-39989287,MAP ,33,1,24,89.08692676,12,male,1,2,365,MAP,Hypothalamus,1,89.08692676,2,25.52947445,7.75,3,7.2,6,18,7/26/2016,2017,NA,
21001519,H-21001519,ROS ,34,1,28,81.18001369,21,female,1,2,366,ROS,Hypothalamus,2,81.18001369,2,26.87677044,5.75,2,3,7,25,7/26/2016,2017,NA,
11619606,H-11619606,ROS ,23,5,5,87.84941821,15,male,1,2,367,ROS,Hypothalamus,1,87.84941821,2,27.46400757,4.583333333,4,7.5,8,14,7/26/2016,2017,NA,
2525608,H-02525608,MAP ,33,1,26,101.1909651,14,female,1,2,368,MAP,Hypothalamus,NA,NA,2,26.79187068,NA,NA,5.1,6,16,7/26/2016,2017,NA,
10248033,H-10248033,ROS ,44,4,12,88.46817248,19,male,1,2,369,ROS,Hypothalamus,1,88.46817248,2,26.15596462,17.91666667,3,5.3,5,20,08/02/2016,2017,NA,
86177506,H-86177506,MAP ,34,4,27,92.78302533,16,female,1,2,370,MAP,Hypothalamus,2,92.78302533,2,26.09080719,9.75,4,4.2,7,26,08/02/2016,2017,NA,
60269051,H-60269051,ROS ,33,2,24,89.18001369,18,female,1,2,371,ROS,Hypothalamus,2,89.18001369,2,NA,6.666666667,4,7.5,5,15,08/02/2016,2017,NA,
50106154,N-50106154,MAP ,33,1,21.81818182,101.21013,11,female,1,2,372,MAP,NucAcc,2,101.21013,2,NA,9.5,3,5.4,7,23,08/02/2016,2017,NA,
50104396,N-50104396,MAP ,33,4,9,90.32443532,21,male,1,2,373,MAP,NucAcc,1,90.32443532,2,NA,6.083333333,5,8.3,6,13,08/02/2016,2017,NA,
20920239,N-20920239,ROS ,24,5,14.4,93.28131417,17,female,1,2,374,ROS,NucAcc,2,93.28131417,2,NA,10.11666667,4,7.6,6,13,08/02/2016,2017,NA,
21125782,N-21125782,ROS ,34,4,1,86.05886379,18,female,1,2,375,ROS,NucAcc,2,86.05886379,2,NA,19.83333333,5,8.1,10,25,08/02/2016,2017,NA,
25837301,N-25837301,MAP ,33,2,28,82.19028063,16,male,1,2,376,MAP,NucAcc,1,82.19028063,2,NA,9.75,4,6,8,13,08/02/2016,2017,NA,
36951779,N-36951779,MAP ,23,6,2,83.17864476,14,female,1,2,377,MAP,NucAcc,2,83.17864476,2,NA,5.9,4,7,6,14,08/02/2016,2017,NA,
19785885,N-19785885,MAP ,33,1,27,93.64544832,14,male,1,2,378,MAP,NucAcc,1,93.64544832,2,NA,6.666666667,4,4.9,8,24,08/02/2016,2017,NA,
10438999,N-10438999,ROS ,33,1,28,83.3045859,27,male,1,2,379,ROS,NucAcc,1,83.3045859,2,NA,5.583333333,4,8.1,8,17,08/02/2016,2017,NA,
96892753,N-96892753,MAP ,23,4,21,95.03353867,12,female,1,2,380,MAP,NucAcc,2,95.03353867,2,NA,14.68333333,4,8.6,6,12,08/02/2016,2017,NA,
10263208,N-10263208,ROS ,23,2,21.72413793,84.25735797,18,male,1,2,381,ROS,NucAcc,1,84.25735797,2,NA,14.11666667,4,7.8,5,23,8/30/2016,2017,NA,
11392518,N-11392518,ROS ,33,4,26,98.22039699,20,male,1,2,382,ROS,NucAcc,1,98.22039699,2,NA,3.833333333,3,8.6,8,14,8/30/2016,2017,NA,
50400259,N-50400259,MAP ,34,5,28,90.51334702,16,male,1,2,383,MAP,NucAcc,1,90.51334702,2,NA,6.583333333,4,7.8,7,26,8/30/2016,2017,NA,
20208992,N-20208992,ROS ,33,4,0,95.29089665,18,female,1,2,384,ROS,NucAcc,2,95.29089665,2,NA,6.166666667,5,6.5,6,20,8/30/2016,2017,NA,
47236602,N-47236602,MAP ,33,1,26,102.6310746,12,female,1,2,385,MAP,NucAcc,2,102.6310746,2,NA,5,5,7.7,5,20,8/30/2016,2017,NA,
11240247,N-11240247,ROS ,33,4,24,85.11430527,18,male,1,2,386,ROS,NucAcc,1,85.11430527,2,NA,5,5,6.6,8,27,8/30/2016,2017,NA,
20204114,N-20204114,ROS ,33,4,16,90.52977413,20,female,1,2,387,ROS,NucAcc,2,90.52977413,2,NA,6.666666667,5,6.2,6,22,8/30/2016,2017,NA,
10216869,N-10216869,ROS ,33,4,24,82.01232033,23,male,1,2,388,ROS,NucAcc,1,82.01232033,2,NA,16.91666667,4,5.8,9,24,8/30/2016,2017,NA,
23791808,N-23791808,MAP ,33,4,15,92.11772758,12,female,1,2,389,MAP,NucAcc,2,92.11772758,2,NA,14.16666667,5,2.9,5,12,8/30/2016,2017,NA,
20882194,N-20882194,ROS ,34,4,0,86.18206708,18,female,1,2,390,ROS,NucAcc,2,86.18206708,2,NA,6,5,8.3,7,24,8/30/2016,2017,NA,
11455792,N-11455792,ROS ,33,2,28,85.13073238,21,male,1,2,391,ROS,NucAcc,1,85.13073238,2,NA,5,2,6.4,9,15,8/30/2016,2017,NA,
75862131,N-75862131,MAP ,34,4,0,92.13689254,18,male,1,2,392,MAP,NucAcc,1,92.13689254,2,NA,5.916666667,5,7.4,7,15,8/30/2016,2017,NA,
51791453,N-51791453,MAP ,34,2,28,86.52977413,16,female,1,2,393,MAP,NucAcc,2,86.52977413,2,NA,5.7,4,3,5,16,9/13/2016,2017,NA,
85508351,N-85508351,MAP ,33,1,29,84.89527721,20,male,1,2,394,MAP,NucAcc,1,84.89527721,2,NA,9.666666667,3,8.2,5,21,9/13/2016,2017,NA,
52173227,N-52173227,MAP ,33,4,12,87.93976728,14,female,1,2,395,MAP,NucAcc,2,87.93976728,2,NA,8.166666667,2,6.1,5,18,9/13/2016,2017,NA,
27242962,N-27242962,MAP ,23,1,29,87.32648871,20,male,1,2,396,MAP,NucAcc,1,87.32648871,2,NA,6,3,6.9,7,17,9/13/2016,2017,NA,
50410021,N-50410021,MAP ,33,1,28,94.36002738,18,female,1,2,397,MAP,NucAcc,2,94.36002738,2,NA,7.666666667,4,8.2,7,24,9/13/2016,2017,NA,
20248206,N-20248206,ROS ,33,4,20,96.80219028,20,female,1,2,398,ROS,NucAcc,2,96.80219028,2,NA,13.16666667,4,7.5,7,21,9/13/2016,2017,NA,
11390174,N-11390174,ROS ,33,4,5,103.5646817,12,male,1,2,399,ROS,NucAcc,1,103.5646817,2,NA,32,4,2.8,10,22,9/13/2016,2017,NA,
65214844,N-65214844,MAP ,33,5,23.57142857,86.32443532,14,female,1,2,400,ROSMAP,NucAcc,NA,NA,2,NA,NA,NA,3.4,7,24,9/13/2016,2017,NA,
38056377,N-38056377,MAP ,33,2,27,95.69883641,16,female,1,2,401,MAP,NucAcc,2,95.69883641,2,NA,6.016666667,4,7.3,10,21,9/13/2016,2017,NA,
29286432,N-29286432,ROS ,34,2,29,90.49691992,24,male,1,2,402,ROS,NucAcc,1,90.49691992,2,NA,0.866666667,5,6.9,5,27,9/13/2016,2017,NA,
20733146,N-20733146,ROS ,33,2,24,91.56194387,21,female,1,2,403,ROS,NucAcc,2,91.56194387,2,NA,7.9,4,7.6,6,25,9/13/2016,2017,NA,
81526371,N-81526371,MAP ,34,2,20,90.96783025,14,female,1,2,404,ROSMAP,NucAcc,NA,NA,2,NA,NA,NA,4.2,10,13,9/13/2016,2017,NA,
50106154,H-50106154,MAP ,33,1,21.81818182,101.21013,11,female,1,2,405,MAP,Hypothalamus,2,101.21013,2,NA,9.5,3,3.6,7,15,9/19/2016,2017,NA,
50104396,H-50104396,MAP ,33,4,9,90.32443532,21,male,1,2,406,MAP,Hypothalamus,1,90.32443532,2,NA,6.083333333,5,7.6,5,25,9/19/2016,2017,NA,
20920239,H-20920239,ROS ,24,5,14.4,93.28131417,17,female,1,2,407,ROS,Hypothalamus,2,93.28131417,2,NA,10.11666667,4,3.1,7,24,9/19/2016,2017,NA,
25837301,H-25837301,MAP ,33,2,28,82.19028063,16,male,1,2,408,MAP,Hypothalamus,1,82.19028063,2,NA,9.75,4,6.2,7,21,9/19/2016,2017,NA,
36951779,H-36951779,MAP ,23,6,2,83.17864476,14,female,1,2,409,MAP,Hypothalamus,2,83.17864476,2,NA,5.9,4,7.4,6,21,9/19/2016,2017,NA,
19785885,H-19785885,MAP ,33,1,27,93.64544832,14,male,1,2,410,MAP,Hypothalamus,1,93.64544832,2,NA,6.666666667,4,4.3,8,24,9/19/2016,2017,NA,
96892753,H-96892753,MAP ,23,4,21,95.03353867,12,female,1,2,412,MAP,Hypothalamus,2,95.03353867,2,NA,14.68333333,4,7.7,6,18,9/19/2016,2017,NA,
11392518,H-11392518,ROS ,33,4,26,98.22039699,20,male,1,2,414,ROS,Hypothalamus,1,98.22039699,2,NA,3.833333333,3,7.5,6,13,9/19/2016,2017,NA,
50400259,H-50400259,MAP ,34,5,28,90.51334702,16,male,1,2,415,MAP,Hypothalamus,1,90.51334702,2,NA,6.583333333,4,5,8,20,9/19/2016,2017,NA,
20208992,H-20208992,ROS ,33,4,0,95.29089665,18,female,1,2,416,ROS,Hypothalamus,2,95.29089665,2,NA,6.166666667,5,6.4,10,12,9/19/2016,2017,NA,
47236602,H-47236602,MAP ,33,1,26,102.6310746,12,female,1,2,417,MAP,Hypothalamus,2,102.6310746,2,NA,5,5,4,7,14,9/27/2016,2017,NA,
11240247,H-11240247,ROS ,33,4,24,85.11430527,18,male,1,2,418,ROS,Hypothalamus,1,85.11430527,2,NA,5,5,2.5,8,27,9/27/2016,2017,NA,
20204114,H-20204114,ROS ,33,4,16,90.52977413,20,female,1,2,419,ROS,Hypothalamus,2,90.52977413,2,NA,6.666666667,5,3.9,9,19,9/27/2016,2017,NA,
23791808,H-23791808,MAP ,33,4,15,92.11772758,12,female,1,2,420,MAP,Hypothalamus,2,92.11772758,2,NA,14.16666667,5,2.6,9,16,9/27/2016,2017,NA,
20882194,H-20882194,ROS ,34,4,0,86.18206708,18,female,1,2,421,ROS,Hypothalamus,2,86.18206708,2,NA,6,5,4.2,8,20,9/27/2016,2017,NA,
11455792,H-11455792,ROS ,33,2,28,85.13073238,21,male,1,2,422,ROS,Hypothalamus,1,85.13073238,2,NA,5,2,5.2,8,19,9/27/2016,2017,NA,
75862131,H-75862131,MAP ,34,4,0,92.13689254,18,male,1,2,423,MAP,Hypothalamus,1,92.13689254,2,NA,5.916666667,5,7.2,6,16,9/27/2016,2017,NA,
51791453,H-51791453,MAP ,34,2,28,86.52977413,16,female,1,2,424,MAP,Hypothalamus,2,86.52977413,2,NA,5.7,4,2.4,9,21,9/27/2016,2017,NA,
85508351,H-85508351,MAP ,33,1,29,84.89527721,20,male,1,2,425,MAP,Hypothalamus,1,84.89527721,2,NA,9.666666667,3,6.1,8,25,9/27/2016,2017,NA,
52173227,H-52173227,MAP ,33,4,12,87.93976728,14,female,1,2,426,MAP,Hypothalamus,2,87.93976728,2,NA,8.166666667,2,6.4,7,24,9/27/2016,2017,NA,
27242962,H-27242962,MAP ,23,1,29,87.32648871,20,male,1,2,427,MAP,Hypothalamus,1,87.32648871,2,NA,6,3,3.7,6,16,9/27/2016,2017,NA,
50410021,H-50410021,MAP ,33,1,28,94.36002738,18,female,1,2,428,MAP,Hypothalamus,2,94.36002738,2,NA,7.666666667,4,6.8,6,17,9/27/2016,2017,NA,
20248206,H-20248206,ROS ,33,4,20,96.80219028,20,female,1,2,429,ROS,Hypothalamus,2,96.80219028,2,NA,13.16666667,4,6.8,5,19,10/04/2016,2017,NA,
11390174,H-11390174,ROS ,33,4,5,103.5646817,12,male,1,2,430,ROS,Hypothalamus,1,103.5646817,2,NA,32,4,2.3,8,21,10/04/2016,2017,NA,
65214844,H-65214844,MAP ,33,5,23.57142857,86.32443532,14,female,1,2,431,MAP,Hypothalamus,NA,NA,2,NA,NA,NA,4,10,26,10/04/2016,2017,NA,
38056377,H-38056377,MAP ,33,2,27,95.69883641,16,female,1,2,432,MAP,Hypothalamus,2,95.69883641,2,NA,6.016666667,4,5.5,5,12,10/04/2016,2017,NA,
29286432,H-29286432,ROS ,34,2,29,90.49691992,24,male,1,2,433,ROS,Hypothalamus,1,90.49691992,2,NA,0.866666667,5,4.7,10,19,10/04/2016,2017,NA,
20733146,H-20733146,ROS ,33,2,24,91.56194387,21,female,1,2,434,ROS,Hypothalamus,2,91.56194387,2,NA,7.9,4,3.3,6,22,10/04/2016,2017,NA,
45855523,H-45855523,MAP ,33,4,26,94.63928816,16,female,1,2,435,ROSMAP,Hypothalamus,NA,NA,2,NA,NA,NA,3.7,5,26,10/04/2016,2017,NA,
81526371,H-81526371,MAP ,34,2,20,90.96783025,14,female,1,2,436,MAP,Hypothalamus,NA,NA,2,NA,NA,NA,8.3,5,13,10/04/2016,2017,NA,
39136480,H-39136480,MAP ,34,4,0,103.4579055,15,female,1,2,437,MAP,Hypothalamus,2,103.4579055,1,31.17655684,4.916666667,4,4.7,6,18,10/04/2016,2017,Warning: BUID 261 is duplicate of 437 but may be the result of mislabelled tube, not replicated dissection.
20171508,N-20171508,ROS ,34,4,6,89.15811088,10,female,1,2,540,ROS,NucAcc,2,89.15811088,0,19.30345962,9,4,7.5,6,17,7/14/2015,2017,This sample is duplicate of 46 (duplicate sequencing from same dissection and RNA extraction) and 100 (duplicate dissection of same individual and brain region).,
